<?xml version="1.0" encoding="UTF-8"?>
<config xmlns="http://www.knime.org/2008/09/XMLConfig" xmlns:xsi="http://www.w3.org/2001/XMLSchema-instance" xsi:schemaLocation="http://www.knime.org/2008/09/XMLConfig http://www.knime.org/XMLConfig_2008_09.xsd" key="preprocessing">
    <config key="preprocColumns">
        <entry key="array-size" type="xint" value="7"/>
        <entry key="0" type="xstring" value="AGE_DESC (to number)"/>
        <entry key="1" type="xstring" value="MARITAL_STATUS_CODE (to number)"/>
        <entry key="2" type="xstring" value="INCOME_DESC (to number)"/>
        <entry key="3" type="xstring" value="HOMEOWNER_DESC (to number)"/>
        <entry key="4" type="xstring" value="HH_COMP_DESC (to number)"/>
        <entry key="5" type="xstring" value="HOUSEHOLD_SIZE_DESC (to number)"/>
        <entry key="6" type="xstring" value="KID_CATEGORY_DESC (to number)"/>
    </config>
</config>
