[
  {
    "filter": null,
    "mainCategory": "AlphaNumeric",
    "name": "WEB_DOMAIN",
    "validator": {
      "patternString": "^([a-zA-Z0-9]([a-zA-Z0-9\\-]{0,61}[a-zA-Z0-9])?\\.)+[a-zA-Z]{2,24}$",
      "subValidatorClassName": null
    },
    "description": "Website domain",
    "id": "583edc44ec06957a34fa642c",
    "label": "Web Domain"
  },
  {
    "filter": null,
    "mainCategory": "Numeric",
    "name": "US_SSN",
    "validator": {
      "patternString": "^\\d{3}-\\d{2}-\\d{4}$",
      "subValidatorClassName": null
    },
    "description": "US social security number",
    "id": "583edc44ec06957a34fa642e",
    "label": "US Social Security Number"
  },
  {
    "filter": {
      "filterType": "MUST_CONTAIN",
      "filterParam": "@"
    },
    "mainCategory": "AlphaNumeric",
    "name": "EMAIL",
    "validator": {
      "patternString": "^(([^\\s\\p{Cntrl}\\(\\)<>@,;:'\\\\\\\"\\.\\[\\]]|')+|(\\\"[^\\\"]*\\\"))(\\.(([^\\s\\p{Cntrl}\\(\\)<>@,;:'\\\\\\\"\\.\\[\\]]|')+|(\\\"[^\\\"]*\\\")))*@([\\p{L}\\p{M}0-9]([\\p{L}\\p{M}0-9\\-]{0,61}[\\p{L}\\p{M}0-9])?\\.)+[\\p{L}\\p{M}]{2,6}$",
      "subValidatorClassName": null
    },
    "description": "Email address",
    "id": "583edc44ec06957a34fa6430",
    "label": "Email"
  },
  {
    "filter": null,
    "mainCategory": "AlphaNumeric",
    "name": "BG_VAT_NUMBER",
    "validator": {
      "patternString": "^BG[0-9]{9,10}$",
      "subValidatorClassName": null
    },
    "description": "Bulgaria VAT number",
    "id": "583edc44ec06957a34fa6432",
    "label": "BG VAT Number"
  },
  {
    "filter": null,
    "mainCategory": "AlphaNumeric",
    "name": "URL",
    "validator": {
      "patternString": "^((?:ht|f)tps?)\\:\\/\\/([a-zA-Z0-9\\-\\._]+:[a-zA-Z0-9\\-\\._]+@)?((?:[a-zA-Z0-9\\-\\._]+(?:\\.[a-zA-Z0-9\\-\\._]+)+)|localhost)(\\/?)([a-zA-Z0-9\\-\\.\\,\\'\\/\\+\\&%\\$_\\\\]*)?([\\d\\w\\.\\/\\%\\+\\-\\=\\&\\?\\:\\\"\\'\\,\\|\\~\\;#\\\\]*)$",
      "subValidatorClassName": null
    },
    "description": "Website URL",
    "id": "583edc44ec06957a34fa6434",
    "label": "URL"
  },
  {
    "filter": null,
    "mainCategory": "Numeric",
    "name": "GEO_COORDINATE",
    "validator": {
      "patternString": "^-?([1]?[1-7][1-9]|[1]?[1-8][0]|[1-9]?[0-9])\\.{1}[0-9]{5,6}$",
      "subValidatorClassName": null
    },
    "description": "Longitude or latitude coordinates with at least meter precision",
    "id": "583edc44ec06957a34fa6436",
    "label": "Geographic coordinate"
  },
  {
    "filter": null,
    "mainCategory": "AlphaNumeric",
    "name": "MAC_ADDRESS",
    "validator": {
      "patternString": "^([0-9a-fA-F][0-9a-fA-F]:){5}([0-9a-fA-F][0-9a-fA-F])$",
      "subValidatorClassName": null
    },
    "description": "MAC Address.",
    "id": "583edc44ec06957a34fa6438",
    "label": "MAC Address"
  },
  {
    "filter": null,
    "mainCategory": "Alpha",
    "name": "EN_WEEKDAY",
    "validator": {
      "patternString": "^((Sun|Mon|(T(ues|hurs))|Fri)(day|\\.)?|Wed(\\.|nesday)?|Sat(\\.|urday)?|T((ue?)|(hu?r?))\\.?)$",
      "subValidatorClassName": null
    },
    "description": "Weekday or their abbreviation",
    "id": "583edc44ec06957a34fa643a",
    "label": "EN Weekday"
  },
  {
    "filter": null,
    "mainCategory": "AlphaNumeric",
    "name": "FR_POSTAL_CODE",
    "validator": {
      "patternString": "^(F-|FRA?(-| ))?(0[1-9]|[1-9][0-9])[0-9]{3}$",
      "subValidatorClassName": null
    },
    "description": "French postal code",
    "id": "583edc44ec06957a34fa643c",
    "label": "FR Postal Code"
  },
  {
    "filter": null,
    "mainCategory": "Numeric",
    "name": "DE_PHONE",
    "validator": {
      "patternString": "^(0049|\\+49|0)[2-9]([-. ]?[0-9]{2}){4}([0-9]{1,2})?$",
      "subValidatorClassName": "org.talend.dataquality.semantic.validator.impl.DEPhoneNumberValidator"
    },
    "description": "German phone number",
    "id": "583edc44ec06957a34fa643e",
    "label": "DE Phone"
  },
  {
    "filter": null,
    "mainCategory": "Numeric",
    "name": "VISA_CARD",
    "validator": {
      "patternString": "^4[0-9]{15}$",
      "subValidatorClassName": null
    },
    "description": "Visa card",
    "id": "583edc44ec06957a34fa6440",
    "label": "Visa Card"
  },
  {
    "filter": null,
    "mainCategory": "Numeric",
    "name": "MASTERCARD",
    "validator": {
      "patternString": "^5[1-5][0-9]{14}$",
      "subValidatorClassName": null
    },
    "description": "MasterCard",
    "id": "583edc44ec06957a34fa6442",
    "label": "MasterCard"
  },
  {
    "filter": null,
    "mainCategory": "Numeric",
    "name": "FR_SSN",
    "validator": {
      "patternString": "^[12] ?[0-9]{2} ?(0[1-9]|1[0-2]) ?(2[AB]|[0-9]{2}) ?[0-9]{3} ?[0-9]{3}( ?[0-9]{2})?$",
      "subValidatorClassName": null
    },
    "description": "French social security number",
    "id": "583edc44ec06957a34fa6444",
    "label": "FR Social Security Number"
  },
  {
    "filter": null,
    "mainCategory": "AlphaNumeric",
    "name": "ISBN_10",
    "validator": {
      "patternString": "^ISBN(?:-10)?:?\\ *((?=\\d{1,5}([ -]?)\\d{1,7}\\2?\\d{1,6}\\2?\\d)(?:\\d\\2*){9}[\\dX])$",
      "subValidatorClassName": null
    },
    "description": "International Standard Book Number 10 digits. Such as ISBN 2-711-79141-6",
    "id": "583edc44ec06957a34fa6446",
    "label": "ISBN-10"
  },
  {
    "filter": null,
    "mainCategory": "Numeric",
    "name": "SE_SSN",
    "validator": {
      "patternString": "^[1-2][0|9][0-9]{2}[0-1][0-9][0-3][0-9][-][0-9]{4}$",
      "subValidatorClassName": null
    },
    "description": "The personal identity number (Swedish: personnummer) is the Swedish national identification number.",
    "id": "583edc44ec06957a34fa6448",
    "label": "SE Social Security Number"
  },
  {
    "filter": null,
    "mainCategory": "AlphaNumeric",
    "name": "ISBN_13",
    "validator": {
      "patternString": "^ISBN(?:-13)?:?\\ *(97(?:8|9)([ -]?)(?=\\d{1,5}\\2?\\d{1,7}\\2?\\d{1,6}\\2?\\d)(?:\\d\\2*){9}\\d)$",
      "subValidatorClassName": null
    },
    "description": "International Standard Book Number 13 digits.",
    "id": "583edc44ec06957a34fa644a",
    "label": "ISBN-13"
  },
  {
    "filter": null,
    "mainCategory": "AlphaNumeric",
    "name": "UK_SSN",
    "validator": {
      "patternString": "^[A-CEGHJ-PR-TW-Z]{1}[A-CEGHJ-NPR-TW-Z]{1}([0-9]{6}|( [0-9]{2}){3} )[A-DFM]{0,1}$",
      "subValidatorClassName": null
    },
    "description": "National Insurance number, generally called an NI Number (NINO)",
    "id": "583edc44ec06957a34fa644c",
    "label": "UK Social Security Number"
  },
  {
    "filter": null,
    "mainCategory": "AlphaNumeric",
    "name": "EN_MONEY_AMOUNT",
    "validator": {
      "patternString": "^((US|CA)?\\$|\\u00A3|\\u20AC|\\u00A5)(([1-9]\\d{0,2}(\\,\\d{3})*)|([1-9]\\d*)|(0))(\\.\\d{2}|k|M|G|T)?$",
      "subValidatorClassName": null
    },
    "description": "Amount of money in English format",
    "id": "583edc44ec06957a34fa644e",
    "label": "Money Amount (EN)"
  },
  {
    "filter": null,
    "mainCategory": "Numeric",
    "name": "BANK_ROUTING_TRANSIT_NUMBER",
    "validator": {
      "patternString": "^((0[0-9])|(1[0-2])|(2[1-9])|(3[0-2])|(6[1-9])|(7[0-2])|80)([0-9]{7})$",
      "subValidatorClassName": null
    },
    "description": "Bank routing transit number",
    "id": "583edc44ec06957a34fa6450",
    "label": "Bank Routing Transit Number"
  },
  {
    "filter": null,
    "mainCategory": "Numeric",
    "name": "AMEX_CARD",
    "validator": {
      "patternString": "^3[47][0-9]{13}$",
      "subValidatorClassName": null
    },
    "description": "American Express card",
    "id": "583edc44ec06957a34fa6452",
    "label": "Amex Card"
  },
  {
    "filter": null,
    "mainCategory": "AlphaNumeric",
    "name": "UK_POSTAL_CODE",
    "validator": {
      "patternString": "^(([gG][iI][rR] {0,}0[aA]{2})|((([a-pr-uwyzA-PR-UWYZ][a-hk-yA-HK-Y]?[0-9][0-9]?)|(([a-pr-uwyzA-PR-UWYZ][0-9][a-hjkstuwA-HJKSTUW])|([a-pr-uwyzA-PR-UWYZ][a-hk-yA-HK-Y][0-9][abehmnprv-yABEHMNPRV-Y]))) {0,}[0-9][abd-hjlnp-uw-zABD-HJLNP-UW-Z]{2}))$",
      "subValidatorClassName": null
    },
    "description": "UK postal code",
    "id": "583edc44ec06957a34fa6454",
    "label": "UK Postal Code"
  },
  {
    "filter": null,
    "mainCategory": "Alpha",
    "name": "EN_MONTH",
    "validator": {
      "patternString": "^(?:J(anuary|u(ne|ly))|February|Ma(rch|y)|A(pril|ugust)|(((Sept|Nov|Dec)em)|Octo)ber)$",
      "subValidatorClassName": null
    },
    "description": "Month in English",
    "id": "583edc44ec06957a34fa6456",
    "label": "EN Month"
  },
  {
    "filter": null,
    "mainCategory": "AlphaNumeric",
    "name": "IPv6_ADDRESS",
    "validator": {
      "patternString": "^((([0-9A-Fa-f]{1,4}:){7}[0-9A-Fa-f]{1,4})|(([0-9A-Fa-f]{1,4}:){6}:[0-9A-Fa-f]{1,4})|(([0-9A-Fa-f]{1,4}:){5}:([0-9A-Fa-f]{1,4}:)?[0-9A-Fa-f]{1,4})|(([0-9A-Fa-f]{1,4}:){4}:([0-9A-Fa-f]{1,4}:){0,2}[0-9A-Fa-f]{1,4})|(([0-9A-Fa-f]{1,4}:){3}:([0-9A-Fa-f]{1,4}:){0,3}[0-9A-Fa-f]{1,4})|(([0-9A-Fa-f]{1,4}:){2}:([0-9A-Fa-f]{1,4}:){0,4}[0-9A-Fa-f]{1,4})|(([0-9A-Fa-f]{1,4}:){6}((\\b((25[0-5])|(1\\d{2})|(2[0-4]\\d)|(\\d{1,2}))\\b)\\.){3}(\\b((25[0-5])|(1\\d{2})|(2[0-4]\\d)|(\\d{1,2}))\\b))|(([0-9A-Fa-f]{1,4}:){0,5}:((\\b((25[0-5])|(1\\d{2})|(2[0-4]\\d)|(\\d{1,2}))\\b)\\.){3}(\\b((25[0-5])|(1\\d{2})|(2[0-4]\\d)|(\\d{1,2}))\\b))|(::([0-9A-Fa-f]{1,4}:){0,5}((\\b((25[0-5])|(1\\d{2})|(2[0-4]\\d)|(\\d{1,2}))\\b)\\.){3}(\\b((25[0-5])|(1\\d{2})|(2[0-4]\\d)|(\\d{1,2}))\\b))|([0-9A-Fa-f]{1,4}::([0-9A-Fa-f]{1,4}:){0,5}[0-9A-Fa-f]{1,4})|(::([0-9A-Fa-f]{1,4}:){0,6}[0-9A-Fa-f]{1,4})|(([0-9A-Fa-f]{1,4}:){1,7}:))$",
      "subValidatorClassName": null
    },
    "description": "IPv6 address",
    "id": "583edc44ec06957a34fa6458",
    "label": "IPv6 Address"
  },
  {
    "filter": null,
    "mainCategory": "AlphaNumeric",
    "name": "MAILTO_URL",
    "validator": {
      "patternString": "^(?:mailto)\\:([a-zA-Z0-9._%-]+@[a-zA-Z0-9.-]+\\.[a-zA-Z]{2,4}(,)?)*((?:\\?)((subject|to|body|cc)=(([a-zA-Z0-9._%-]+@[a-zA-Z0-9.-]+\\.[a-zA-Z]{2,4})|([\\d\\w\\.\\/\\%\\+\\-\\=\\&\\?\\:\\\"\\'\\,\\|\\~\\;#\\\\])*)+(\\&)?)*)*$",
      "subValidatorClassName": null
    },
    "description": "MAIL TO URL",
    "id": "583edc44ec06957a34fa645a",
    "label": "MailTo URL"
  },
  {
    "filter": null,
    "mainCategory": "AlphaNumeric",
    "name": "US_PHONE",
    "validator": {
      "patternString": "^(?:(?:(?:\\+|00)?1\\s*(?:[.-]\\s*)?)?(?:\\(\\s*([2-9]1[02-9]|[2-9][02-8]1|[2-9][02-8][02-9])\\s*\\)|([2-9]1[02-9]|[2-9][02-8]1|[2-9][02-8][02-9]))\\s*(?:[.-]\\s*)?)?([2-9]1[02-9]|[2-9][02-9]1|[2-9][02-9]{2})\\s*(?:[.-]\\s*)?([0-9]{4})(?:\\s*(?:#|x\\.?|ext\\.?|extension)\\s*(\\d+))?$",
      "subValidatorClassName": "org.talend.dataquality.semantic.validator.impl.USPhoneNumberValidator"
    },
    "description": "American phone number",
    "id": "583edc44ec06957a34fa645c",
    "label": "US Phone"
  },
  {
    "filter": null,
    "mainCategory": "AlphaNumeric",
    "name": "FR_CODE_COMMUNE_INSEE",
    "validator": {
      "patternString": "^(F-|FRA?(-| ))?((2[A|B])|[0-9]{2})[0-9]{3}$",
      "subValidatorClassName": null
    },
    "description": "French Insee code of cities with Corsica and colonies",
    "id": "583edc44ec06957a34fa645e",
    "label": "FR Insee Code"
  },
  {
    "filter": null,
    "mainCategory": "AlphaNumeric",
    "name": "IBAN",
    "validator": {
      "patternString": "^[a-zA-Z]{2}[0-9]{2}\\ ?([a-zA-Z0-9]{4}\\ ?){2,6}([a-zA-Z0-9]{4}\\ ?|[a-zA-Z0-9])?[a-zA-Z0-9]{0,2}$",
      "subValidatorClassName": "org.talend.dataquality.semantic.validator.impl.IBANValidator"
    },
    "description": "IBAN",
    "id": "583edc44ec06957a34fa6460",
    "label": "IBAN"
  },
  {
    "filter": null,
    "mainCategory": "AlphaNumeric",
    "name": "GEO_COORDINATES_DEG",
    "validator": {
      "patternString": "^[NS] \\d{1,}(\\:[0-5]\\d){2}.{0,1}\\d{0,},[EW] \\d{1,}(\\:[0-5]\\d){2}.{0,1}\\d{0,}$",
      "subValidatorClassName": null
    },
    "description": "Latitude and longitude coordinates separated by a comma in the form: N 0:59:59.99,E 0:59:59.99",
    "id": "583edc44ec06957a34fa6462",
    "label": "Geographic Coordinates (degree)"
  },
  {
    "filter": null,
    "mainCategory": "AlphaNumeric",
    "name": "DATA_URL",
    "validator": {
      "patternString": "^(?:data)\\:([a-z]+\\/[a-z]+)?(;charset=([\\w-])*)?(;base64)?,([\\w\\!\\$\\&\\'\\,\\(\\)\\*\\+\\,\\;\\=\\-\\.\\_\\~\\:\\@\\/\\?\\%\\s]+)$",
      "subValidatorClassName": null
    },
    "description": "DATA URL",
    "id": "583edc44ec06957a34fa6464",
    "label": "Data URL"
  },
  {
    "filter": null,
    "mainCategory": "Numeric",
    "name": "IPv4_ADDRESS",
    "validator": {
      "patternString": "^([01]?[\\d][\\d]?|2[0-4][\\d]|25[0-5])\\.([01]?[\\d][\\d]?|2[0-4][\\d]|25[0-5])\\.([01]?[\\d][\\d]?|2[0-4][\\d]|25[0-5])\\.([01]?[\\d][\\d]?|2[0-4][\\d]|25[0-5])$",
      "subValidatorClassName": null
    },
    "description": "IPv4 address",
    "id": "583edc44ec06957a34fa6466",
    "label": "IPv4 Address"
  },
  {
    "filter": null,
    "mainCategory": "AlphaNumeric",
    "name": "FR_MONEY_AMOUNT",
    "validator": {
      "patternString": "^(([1-9]\\d{0,2}( \\d{3})*)|([1-9]\\d*)|0)((,\\d{2} | (k|M|G|T))?| )(\\$( (US|CA))?|\\u00A3|\\u20AC|\\u00A5)$",
      "subValidatorClassName": null
    },
    "description": "Amount of money in French format",
    "id": "583edc44ec06957a34fa6468",
    "label": "Money Amount (FR)"
  },
  {
    "filter": null,
    "mainCategory": "Alpha",
    "name": "EN_MONTH_ABBREV",
    "validator": {
      "patternString": "^(Jan|Feb|Mar|Apr|May|Jun|Jul|Aug|Sep|Oct|Nov|Dec)$",
      "subValidatorClassName": null
    },
    "description": "Month English abbreviation",
    "id": "583edc44ec06957a34fa646a",
    "label": "EN Month Abbrev"
  },
  {
    "filter": null,
    "mainCategory": "Numeric",
    "name": "FR_PHONE",
    "validator": {
      "patternString": "^(0033 ?|\\+33 ?|0)[1-9]([-. ]?[0-9]{2}){4}$",
      "subValidatorClassName": "org.talend.dataquality.semantic.validator.impl.FRPhoneNumberValidator"
    },
    "description": "French phone number",
    "id": "583edc44ec06957a34fa646c",
    "label": "FR Phone"
  },
  {
    "filter": null,
    "mainCategory": "AlphaNumeric",
    "name": "GEO_COORDINATES",
    "validator": {
      "patternString": "^(\\d{1,3}[\\.]\\d*)[, ]+-?(\\d{1,3}[\\.]\\d*)$",
      "subValidatorClassName": null
    },
    "description": "Google Maps style GPS Decimal format",
    "id": "583edc44ec06957a34fa646e",
    "label": "Geographic Coordinates"
  },
  {
    "filter": null,
    "mainCategory": "Alpha",
    "name": "US_STATE",
    "validator": {
      "patternString": "^(A(la(bama|ska)|rizona|rkansas)|C(alifornia|o(lorado|nnecticut))|Delaware|Florida|Georgia|Hawaii|I(daho|llinois|ndiana|owa)|K(ansas|entucky)|Louisiana|M(a(ine|ryland|ssachusetts)|i(chigan|nnesota|ss(issippi|ouri))|ontana)|N(ebraska|evada|ew\\s(Hampshire|Jersey|Mexico|York)|orth\\s(Carolina|Dakota))|O(hio|klahoma|regon)|Pennsylvania|Rhode\\sIsland|South\\s(Carolina|Dakota)|Te(nnessee|xas)|Utah|V(ermont|irginia)|W(ashington|est\\sVirginia|isconsin|yoming))$",
      "subValidatorClassName": null
    },
    "description": "US states",
    "id": "583edc44ec06957a34fa6470",
    "label": "US State"
  },
  {
    "filter": null,
    "mainCategory": "AlphaNumeric",
    "name": "FILE_URL",
    "validator": {
      "patternString": "^(?:file)\\:(?:\\/){2,3}((?:[a-zA-Z0-9\\-\\._]+(?:[a-zA-Z0-9\\-\\.\\:\\|_]+)+)|localhost)\\/([a-zA-Z0-9\\-\\.\\/\\+\\&\\%\\$_\\|\\:]*)?$",
      "subValidatorClassName": null
    },
    "description": "FILE URL",
    "id": "583edc44ec06957a34fa6472",
    "label": "File URL"
  },
  {
    "filter": null,
    "mainCategory": "Alpha",
    "name": "US_STATE_CODE",
    "validator": {
      "patternString": "^(A[KLRZ]|C[AOT]|DE|FL|GA|HI|I[ADLN]|K[SY]|LA|M[ADEINOST]|N[CDEHJMVY]|O[HKR]|PA|RI|S[CD]|T[NX]|UT|V[AT]|W[AIVY])$",
      "subValidatorClassName": null
    },
    "description": "US state code",
    "id": "583edc44ec06957a34fa6474",
    "label": "US State Code"
  },
  {
    "filter": null,
    "mainCategory": "AlphaNumeric",
    "name": "COLOR_HEX_CODE",
    "validator": {
      "patternString": "^\\#[A-Fa-f0-9]{3}([A-Fa-f0-9]{3})?$",
      "subValidatorClassName": null
    },
    "description": "Color hexadecimal code",
    "id": "583edc44ec06957a34fa6476",
    "label": "Color Hex Code"
  },
  {
    "filter": null,
    "mainCategory": "AlphaNumeric",
    "name": "FR_VAT_NUMBER",
    "validator": {
      "patternString": "^(FR){0,1}[0-9A-Z]{2}\\ [0-9]{9}$",
      "subValidatorClassName": null
    },
    "description": "French VAT number",
    "id": "583edc44ec06957a34fa6478",
    "label": "FR VAT Number"
  },
  {
    "filter": null,
    "mainCategory": "AlphaNumeric",
    "name": "HDFS_URL",
    "validator": {
      "patternString": "^(?:hdfs)\\:\\/\\/((?:[a-zA-Z0-9\\-\\._]+(?:\\.[a-zA-Z0-9\\-\\._]+)+)|localhost)\\/([a-zA-Z0-9\\-\\.\\/\\+\\&\\%\\$_\\\\]*)?([\\d\\w\\.\\/\\%\\+\\-\\=\\&\\#\\~]*)$",
      "subValidatorClassName": null
    },
    "description": "HDFS URL",
    "id": "583edc44ec06957a34fa647a",
    "label": "HDFS URL"
  },
  {
    "filter": null,
    "mainCategory": "Numeric",
    "name": "DE_POSTAL_CODE",
    "validator": {
      "patternString": "^(?!01000|99999)(0[1-9]\\d{3}|[1-9]\\d{4})$",
      "subValidatorClassName": null
    },
    "description": "German postal code",
    "id": "583edc44ec06957a34fa647c",
    "label": "DE Postal Code"
  },
  {
    "filter": null,
    "mainCategory": "Numeric",
    "name": "UK_PHONE",
    "validator": {
      "patternString": "^(\\+44[[:space:]]?7[[:digit:]]{3}|\\(?07[[:digit:]]{3}\\)?)[[:space:]]?[[:digit:]]{3}[[:space:]]?[[:digit:]]{3}$",
      "subValidatorClassName": "org.talend.dataquality.semantic.validator.impl.UKPhoneNumberValidator"
    },
    "description": "UK phone number",
    "id": "583edc44ec06957a34fa647e",
    "label": "UK Phone"
  },
  {
    "filter": null,
    "mainCategory": "AlphaNumeric",
    "name": "BE_POSTAL_CODE",
    "validator": {
      "patternString": "^(F-[0-9]{4,5}|B-[0-9]{4})$",
      "subValidatorClassName": null
    },
    "description": "Belgium postal code",
    "id": "583edc44ec06957a34fa6480",
    "label": "BE Postal Code"
  },
  {
    "filter": null,
    "mainCategory": "AlphaNumeric",
    "name": "AT_VAT_NUMBER",
    "validator": {
      "patternString": "^AT[0-9]{8}$",
      "subValidatorClassName": null
    },
    "description": "Austria VAT number",
    "id": "583edc44ec06957a34fa6482",
    "label": "AT VAT Number"
  },
  {
    "filter": null,
    "mainCategory": "AlphaNumeric",
    "name": "SEDOL",
    "validator": {
      "patternString": "^(?<Sedol>[B-Db-dF-Hf-hJ-Nj-nP-Tp-tV-Xv-xYyZz\\d]{6}\\d)$",
      "subValidatorClassName": "org.talend.dataquality.semantic.validator.impl.SedolValidator"
    },
    "description": "Stock Exchange Daily Official List",
    "id": "583edc44ec06957a34fa6484",
    "label": "SEDOL"
  },
  {
    "filter": null,
    "mainCategory": "AlphaNumeric",
    "name": "PASSPORT",
    "validator": {
      "patternString": "^[A-Z0-9<]{9}[0-9]{1}[A-Z]{3}[0-9]{7}[A-Z]{1}[0-9]{7}[A-Z0-9<]{14}[0-9]{2}$",
      "subValidatorClassName": null
    },
    "description": "Passport number",
    "id": "583edc44ec06957a34fa6486",
    "label": "Passport"
  },
  {
    "filter": null,
    "mainCategory": "Numeric",
    "name": "US_POSTAL_CODE",
    "validator": {
      "patternString": "^[0-9]{5}(-[0-9]{4})?$",
      "subValidatorClassName": null
    },
    "description": "US postal code",
    "id": "583edc44ec06957a34fa6488",
    "label": "US Postal Code"
  }
]